<?xml version="1.0" encoding="UTF-8" standalone="yes"?>
<manifest>
  <control namespace="Maptaskr" constructor="MaptaskrModelDrivenSearchbox" version="2.3.20" display-name-key="Maptaskr ModelDriven Searchbox" description-key="Maptaskr ModelDriven Searchbox description" control-type="standard" api-version="1.3.5">
    <external-service-usage enabled="false"/>
    <property name="CustomAddress" display-name-key="Address Suggestions" description-key="" of-type="SingleLine.Text" usage="bound" required="true"/>
    <property name="Unit" display-name-key="Unit" description-key="" of-type="SingleLine.Text" usage="bound" required="false"/>
    <property name="Street" display-name-key="Street" description-key="" of-type="SingleLine.Text" usage="bound" required="false"/>
    <property name="City" display-name-key="City" description-key="" of-type="SingleLine.Text" usage="bound" required="false"/>
    <property name="State" display-name-key="State" description-key="" of-type="SingleLine.Text" usage="bound" required="false"/>
    <property name="Postal" display-name-key="Postal" description-key="" of-type="SingleLine.Text" usage="bound" required="false"/>
    <property name="Country" display-name-key="Country" description-key="" of-type="SingleLine.Text" usage="bound" required="false"/>
    <property name="Latitude" display-name-key="Latitude" description-key="" of-type="FP" usage="bound" required="false"/>
    <property name="Longitude" display-name-key="Longitude" description-key="" of-type="FP" usage="bound" required="false"/>
    <property name="LatitudeString" display-name-key="Latitude (String)" description-key="" of-type="SingleLine.Text" usage="bound" required="false"/>
    <property name="LongitudeString" display-name-key="Longitude (String)" description-key="" of-type="SingleLine.Text" usage="bound" required="false"/>
    <property name="MaxResults" display-name-key="MaxResults" description-key="Number of results to return" of-type="SingleLine.Text" usage="input" required="true" default-value="6"/>
    <resources>
      <code path="bundle.js" order="1"/>
      <css path="assets/css/AddressAutoComplete.css" order="2"/>
    </resources>
    <feature-usage>
      <uses-feature name="WebAPI" required="true"/>
    </feature-usage>
    <built-by name="pac" version="1.21.8"/>
  </control>
</manifest>