<?xml version="1.0" encoding="UTF-8" standalone="yes"?>
<manifest>
  <control namespace="MaptaskrPCF" constructor="MtrPCF" version="2.4.65" display-name-key="Maptaskr PCF Component" description-key="Maptaskr PCF Designed for Power Pages and Power Apps Portals use" control-type="standard" api-version="1.3.5">
    <external-service-usage enabled="false"/>
    <property name="columnBind" display-name-key="Bind to column" description-key="Allows adding the PCF to a form" of-type="Multiple" usage="bound" required="true"/>
    <property name="designHeightOfMap" display-name-key="DESIGN: Height of Map (CSS)" description-key="Specify the height of the map container. E.g. 100vh or 500px. If left empty this will default to 400px" of-type="SingleLine.Text" usage="input" required="false" default-value="50vh"/>
    <property name="featuresShowMapDownload" display-name-key="FEATURES: Show Map Download? (Yes, No)" description-key="Show or hide the map download button" of-type="SingleLine.Text" usage="input" required="true" default-value="Yes"/>
    <property name="featuresDownloadMapFormat" display-name-key="FEATURES: Map Download Format (PDF, Image)" description-key="Download map as a PDF or image" of-type="SingleLine.Text" usage="input" required="true" default-value="PDF"/>
    <property name="featuresShowScaleBar" display-name-key="FEATURES: Show Scale Bar? (Yes, No)" description-key="Show or hide the scale bar on the bottom left of the map" of-type="SingleLine.Text" usage="input" required="true" default-value="Yes"/>
    <property name="featuresShowExtentControls" display-name-key="FEATURES: Show Extent Controls? (Yes, No)" description-key="Show or hide the extent navigation controls" of-type="SingleLine.Text" usage="input" required="true" default-value="Yes"/>
    <property name="featuresShowLayersSearch" display-name-key="FEATURES: Show Layers Search? (Yes, No)" description-key="Show or hide the layers search" of-type="SingleLine.Text" usage="input" required="true" default-value="Yes"/>
    <property name="featuresDefaultTabOpened" display-name-key="FEATURES: Default Tab Opened (None, Search, Upload, Measure, Layers, Legend, Help)" description-key="The tab that should be opened when the app loads" of-type="SingleLine.Text" usage="input" required="true" default-value="Search"/>
    <property name="preSelectedLayers" display-name-key="FEATURES: Pre-Selected Layers" description-key="Pre-Selected Layers" of-type="SingleLine.Text" usage="input" required="false"/>
    <property name="snapSelectedLayers" display-name-key="FEATURES: Snap Selected Layers" description-key="Snap Selected Layers" of-type="SingleLine.Text" usage="input" required="false"/>
    <property name="traceSelectedLayers" display-name-key="FEATURES: Trace Selected Layers" description-key="Trace Selected Layers" of-type="SingleLine.Text" usage="input" required="false"/>
    <property name="exclusionarySelectedLayers" display-name-key="FEATURES: Exclusionary Selected Layers" description-key="Exclusionary Selected Layers" of-type="SingleLine.Text" usage="input" required="false"/>
    <property name="intersectionSelectedLayers" display-name-key="FEATURES: Intersection Selected Layers" description-key="Intersection Selected Layers" of-type="SingleLine.Text" usage="input" required="false"/>
    <property name="intersectionWarningBuffers" display-name-key="FEATURES: Intersection Warning Buffers" description-key="CSV of Warning Buffers" of-type="SingleLine.Text" usage="input" required="false"/>
    <property name="intersectionErrorBuffers" display-name-key="FEATURES: Intersection Error Buffers" description-key="CSV of Error Buffers" of-type="SingleLine.Text" usage="input" required="false"/>
    <property name="featuresAutoCollapseTabs" display-name-key="FEATURES: Auto-Collapse tabs? (Yes, No)" description-key="Allow the tabs to auto-hide when drawing" of-type="SingleLine.Text" usage="input" required="true" default-value="Yes"/>
    <property name="constrainBoundaries" display-name-key="FEATURES: Constraint Boundaries" description-key="Comma separated MINLONG, MINLAT, MAXLONG, MAXLAT  of the constraint boundaries of the map." of-type="SingleLine.Text" usage="input" required="false"/>
    <property name="uploadsShowAnnotationControl" display-name-key="UPLOADS: Show Annotation Control? (Yes, No)" description-key="Show or hide Annotation Control" of-type="SingleLine.Text" usage="input" required="true" default-value="Yes"/>
    <property name="uploadsAnnotationColor" display-name-key="UPLOADS: Annotation Color" description-key="Annotation Color" of-type="SingleLine.Text" usage="input" required="false"/>
    <property name="uploadsAllowedUploadTypes" display-name-key="UPLOADS: Allowed Upload Types (Both, Upload, Draw)" description-key="Allowed Upload Types" of-type="SingleLine.Text" usage="input" required="true" default-value="Both"/>
    <property name="uploadsAllowedProjections" display-name-key="UPLOADS: Allowed Shapefile Projections" description-key="Allowed Shapefile Projections, please provide in latestWkid format (e.g. 7844) and comma separated to allow multiple projections." of-type="SingleLine.Text" usage="input" required="false"/>
    <property name="showFileCount" display-name-key="UPLOADS: Number of Shapes Allowed" description-key="(-1 is unlimited, 0 is none) If specified, the number of file upload controls loaded will match the number specified, If there are more shapes allowed than there are specified shape names, a [+] button is added to allow more to be loaded dynamically. - Names for the controls will be loaded from the name CSV and if there are not enough names, the control will use the name Shape X where X is the shape number." of-type="SingleLine.Text" usage="input" required="true"/>
    <property name="shapeNames" display-name-key="UPLOADS: Names of Uploads" description-key="Used by the upload controls, each indexed name will be used for the names upload control. If the CSV cannot be parsed, defaults will be used." of-type="SingleLine.Text" usage="input" required="false"/>
    <property name="shapeStrokeColors" display-name-key="UPLOADS: Line Color of Uploads" description-key="Used by the upload controls, each indexed color will be used for the line color of the upload control. If the CSV cannot be parsed, default color of #00FF00 will be used. This supports 8-digit hex codes with transparency." of-type="SingleLine.Text" usage="input" required="false"/>
    <property name="shapeFillColors" display-name-key="UPLOADS: Fill Color of Uploads" description-key="Used by the upload controls, each indexed fill color will be used for the fill color of the upload control. If the CSV cannot be parsed, default color of #00FF0066 will be used. This supports 8-digit hex codes with transparency." of-type="SingleLine.Text" usage="input" required="false"/>
    <property name="shapeDashedLine" display-name-key="UPLOADS: Line Style of Uploads" description-key="(true is Dashed, false is Solid) Used by the upload controls, each indexed line style will be used for the line style of the upload control. If the CSV cannot be parsed, default style of solid will be used." of-type="SingleLine.Text" usage="input" required="false"/>
    <property name="loadShapes" display-name-key="UPLOADS: Load Shapes? (Yes, No)" description-key="Load associated shape" of-type="SingleLine.Text" usage="input" required="false" default-value="Yes"/>
    <property name="tabsShowSearch" display-name-key="TABS: Show Search Tools? (Yes, No)" description-key="Show or hide the search for an address/point of interest" of-type="SingleLine.Text" usage="input" required="true" default-value="Yes"/>
    <property name="tabsShowBasemap" display-name-key="TABS: Show Basemap? (Yes, No)" description-key="Show or hide the basemap selector" of-type="SingleLine.Text" usage="input" required="true" default-value="Yes"/>
    <property name="tabsShowMeasurement" display-name-key="TABS: Show Measurement Tools? (Yes, No)" description-key="Show or hide the measurement tools" of-type="SingleLine.Text" usage="input" required="true" default-value="Yes"/>
    <property name="tabsShowDrawUpload" display-name-key="TABS: Show Drawing and Upload Controls? (Yes, No)" description-key="Show or hide the drawing and upload controls" of-type="SingleLine.Text" usage="input" required="true" default-value="Yes"/>
    <property name="tabsShowMapLayers" display-name-key="TABS: Show Layer List? (Yes, No)" description-key="Show or hide the layer list" of-type="SingleLine.Text" usage="input" required="true" default-value="Yes"/>
    <property name="tabsShowLegend" display-name-key="TABS: Show Legend? (Yes, No)" description-key="Show or hide the legend" of-type="SingleLine.Text" usage="input" required="true" default-value="Yes"/>
    <property name="tabsShowHelpGuide" display-name-key="TABS: Show Help Guide? (Yes, No)" description-key="Show or hide the help guide" of-type="SingleLine.Text" usage="input" required="true" default-value="Yes"/>
    <property name="loadShapesCustomEndpoint" display-name-key="ADVANCED: Shape Custom Endpoint" description-key="If this is populated use the url provided here as the url for loading the shapes for the upload tab, otherwise default to the url for the entity we think we have currently loaded." of-type="SingleLine.Text" usage="input" required="false"/>
    <property name="loadRelatedShapesCustomEndpoint" display-name-key="ADVANCED: Related Shape Custom Endpoint" description-key="If this is populated use the url provided here as an additional shape load to render on the map. these shapes will take the form of a layer." of-type="SingleLine.Text" usage="input" required="false"/>
    <property name="loadRelatedShapes" display-name-key="ADVANCED: Load Related Shapes? (Yes, No)" description-key="Load shapes from related custom endpoint" of-type="SingleLine.Text" usage="input" required="false" default-value="No"/>
    <property name="loadDataverseLayers" display-name-key="ADVANCED: Load Dataverse Layers? (Yes, No)" description-key="Load dataverse layers" of-type="SingleLine.Text" usage="input" required="false" default-value="No"/>
    <property name="loadDataverseLayersCustomEndpoint" display-name-key="ADVANCED: Dataverse Layers Custom Endpoint" description-key="If this is populated use the url provided here as the url for loading dataverse layers on the map, if left empty it will use the default url." of-type="SingleLine.Text" usage="input" required="false"/>
    <property name="externalHelpGuideRelativeUrl" display-name-key="ADVANCED: Help Guide Custom Endpoint" description-key="If this is populated use the url provided here as a source for the help guide." of-type="SingleLine.Text" usage="input" required="false"/>
    <property name="numberOfConcurrentIntersectionCalls" display-name-key="ADVANCED: Number of Concurrent Intersection Calls" description-key="Number of Concurrent Intersection Calls" of-type="SingleLine.Text" usage="input" required="false" default-value="20"/>
    <property name="tokenRefreshIntervalInMinutes" display-name-key="ADVANCED: Token Refresh Interval in Minutes" description-key="How often in minutes to refresh the layer tokens (0 to never refresh)" of-type="SingleLine.Text" usage="input" required="false" default-value="0"/>
    <resources>
      <code path="bundle.js" order="1"/>
      <css path="inline-stylesheet.css" order="1"/>
    </resources>
    <built-by name="pac" version="1.21.8"/>
  </control>
</manifest>