<?xml version="1.0" encoding="UTF-8" standalone="yes"?>
<manifest>
  <control namespace="MaptaskrDS" constructor="DataSourceAutoComplete" version="0.0.8" display-name-key="DataSourceAutoComplete" description-key="Maptaskr Datasource AutoComplete" control-type="standard" api-version="1.3.5">
    <property name="Field" display-name-key="Field" description-key="" of-type="SingleLine.Text" usage="bound" required="true"/>
    <property name="Type" display-name-key="List Type" description-key="Entities or Attributes List" of-type="Enum" usage="input" required="true">
      <value name="Entities" display-name-key="Entities" description-key="Entities" default="true">1</value>
      <value name="Attributes" display-name-key="Attributes" description-key="Attributes">2</value>
      <value name="Lookups" display-name-key="Lookups" description-key="Lookups">3</value>
      <value name="LookupAttributes" display-name-key="Lookup Attributes" description-key="LookupAttributes">4</value>
    </property>
    <resources>
      <code path="bundle.js" order="1"/>
      <css path="css/DataSourceAutoComplete.css" order="1"/>
    </resources>
    <built-by name="pac" version="1.23.4"/>
  </control>
</manifest>