<appaction uniquename="maptaskr__Route!fac2ddfe78854fd99af841ed5a0ad683!crfed_MaptaskrCDS!account!0">
  <appmoduleid>
    <uniquename>crfed_MaptaskrCDS</uniquename>
  </appmoduleid>
  <buttonlabeltext default="Route">
    <label description="Route" languagecode="1033" />
  </buttonlabeltext>
  <context>1</context>
  <contextentity>
    <logicalname>account</logicalname>
  </contextentity>
  <contextvalue>account</contextvalue>
  <hidden>0</hidden>
  <iconwebresourceid>
    <webresourceid>3cd96030-22c8-ea11-a812-000d3a794f5d</webresourceid>
  </iconwebresourceid>
  <iscustomizable>1</iscustomizable>
  <isdisabled>0</isdisabled>
  <isgrouptitlehidden>0</isgrouptitlehidden>
  <location>0</location>
  <name>Route!fac2ddfe78854fd99af841ed5a0ad683</name>
  <onclickeventjavascriptfunctionname>findRouteBySelectedItems</onclickeventjavascriptfunctionname>
  <onclickeventjavascriptparameters>[{"type":3},{"type":8}]</onclickeventjavascriptparameters>
  <onclickeventjavascriptwebresourceid>
    <webresourceid>6962ae3c-22c8-ea11-a812-000d3a794f5d</webresourceid>
  </onclickeventjavascriptwebresourceid>
  <onclickeventtype>2</onclickeventtype>
  <origin>0</origin>
  <sequence>28.0000000000</sequence>
  <statecode>0</statecode>
  <statuscode>1</statuscode>
  <type>0</type>
  <visibilitytype>0</visibilitytype>
</appaction>