﻿<?xml version="1.0" encoding="utf-8"?>
<ImportExportXml version="9.2.23053.224" SolutionPackageVersion="9.2" languagecode="1033" generatedBy="CrmLive" xmlns:xsi="http://www.w3.org/2001/XMLSchema-instance">
  <SolutionManifest>
    <UniqueName>Maptaskr_CDS</UniqueName>
    <LocalizedNames>
      <LocalizedName description="Maptaskr for Power Apps" languagecode="1033" />
    </LocalizedNames>
    <Descriptions>
      <Description description="Bring the power of mapping &amp; geo-productivity to your apps" languagecode="1033" />
    </Descriptions>
    <Version>2.2.2.75</Version>
    <Managed>1</Managed>
    <Publisher>
      <UniqueName>maptaskr</UniqueName>
      <LocalizedNames>
        <LocalizedName description="Maptaskr" languagecode="1033" />
      </LocalizedNames>
      <Descriptions>
        <Description description="Maptaskr" languagecode="1033" />
      </Descriptions>
      <EMailAddress>hello@maptaskr.com</EMailAddress>
      <SupportingWebsiteUrl>http://www.maptaskr.com</SupportingWebsiteUrl>
      <CustomizationPrefix>maptaskr</CustomizationPrefix>
      <CustomizationOptionValuePrefix>83169</CustomizationOptionValuePrefix>
      <Addresses>
        <Address>
          <AddressNumber>1</AddressNumber>
          <AddressTypeCode>1</AddressTypeCode>
          <City xsi:nil="true"></City>
          <County xsi:nil="true"></County>
          <Country xsi:nil="true"></Country>
          <Fax xsi:nil="true"></Fax>
          <FreightTermsCode xsi:nil="true"></FreightTermsCode>
          <ImportSequenceNumber xsi:nil="true"></ImportSequenceNumber>
          <Latitude xsi:nil="true"></Latitude>
          <Line1 xsi:nil="true"></Line1>
          <Line2 xsi:nil="true"></Line2>
          <Line3 xsi:nil="true"></Line3>
          <Longitude xsi:nil="true"></Longitude>
          <Name xsi:nil="true"></Name>
          <PostalCode xsi:nil="true"></PostalCode>
          <PostOfficeBox xsi:nil="true"></PostOfficeBox>
          <PrimaryContactName xsi:nil="true"></PrimaryContactName>
          <ShippingMethodCode>1</ShippingMethodCode>
          <StateOrProvince xsi:nil="true"></StateOrProvince>
          <Telephone1 xsi:nil="true"></Telephone1>
          <Telephone2 xsi:nil="true"></Telephone2>
          <Telephone3 xsi:nil="true"></Telephone3>
          <TimeZoneRuleVersionNumber xsi:nil="true"></TimeZoneRuleVersionNumber>
          <UPSZone xsi:nil="true"></UPSZone>
          <UTCOffset xsi:nil="true"></UTCOffset>
          <UTCConversionTimeZoneCode xsi:nil="true"></UTCConversionTimeZoneCode>
        </Address>
        <Address>
          <AddressNumber>2</AddressNumber>
          <AddressTypeCode>1</AddressTypeCode>
          <City xsi:nil="true"></City>
          <County xsi:nil="true"></County>
          <Country xsi:nil="true"></Country>
          <Fax xsi:nil="true"></Fax>
          <FreightTermsCode xsi:nil="true"></FreightTermsCode>
          <ImportSequenceNumber xsi:nil="true"></ImportSequenceNumber>
          <Latitude xsi:nil="true"></Latitude>
          <Line1 xsi:nil="true"></Line1>
          <Line2 xsi:nil="true"></Line2>
          <Line3 xsi:nil="true"></Line3>
          <Longitude xsi:nil="true"></Longitude>
          <Name xsi:nil="true"></Name>
          <PostalCode xsi:nil="true"></PostalCode>
          <PostOfficeBox xsi:nil="true"></PostOfficeBox>
          <PrimaryContactName xsi:nil="true"></PrimaryContactName>
          <ShippingMethodCode>1</ShippingMethodCode>
          <StateOrProvince xsi:nil="true"></StateOrProvince>
          <Telephone1 xsi:nil="true"></Telephone1>
          <Telephone2 xsi:nil="true"></Telephone2>
          <Telephone3 xsi:nil="true"></Telephone3>
          <TimeZoneRuleVersionNumber xsi:nil="true"></TimeZoneRuleVersionNumber>
          <UPSZone xsi:nil="true"></UPSZone>
          <UTCOffset xsi:nil="true"></UTCOffset>
          <UTCConversionTimeZoneCode xsi:nil="true"></UTCConversionTimeZoneCode>
        </Address>
      </Addresses>
    </Publisher>
    <RootComponents>
      <RootComponent type="1" schemaName="account" behavior="1" />
      <RootComponent type="1" schemaName="businessunit" behavior="1" />
      <RootComponent type="1" schemaName="contact" behavior="2" />
      <RootComponent type="1" schemaName="maptaskr_activity_log" behavior="0" />
      <RootComponent type="1" schemaName="maptaskr_annotationmap" behavior="0" />
      <RootComponent type="1" schemaName="maptaskr_bookmark" behavior="0" />
      <RootComponent type="1" schemaName="maptaskr_checkin" behavior="0" />
      <RootComponent type="1" schemaName="maptaskr_configuration" behavior="0" />
      <RootComponent type="1" schemaName="maptaskr_datasource" behavior="0" />
      <RootComponent type="1" schemaName="maptaskr_fullscreen" behavior="0" />
      <RootComponent type="1" schemaName="maptaskr_geography" behavior="0" />
      <RootComponent type="1" schemaName="maptaskr_geolocation" behavior="0" />
      <RootComponent type="1" schemaName="maptaskr_icon" behavior="0" />
      <RootComponent type="1" schemaName="maptaskr_infoboxaction" behavior="0" />
      <RootComponent type="1" schemaName="maptaskr_lambpet" behavior="0" />
      <RootComponent type="1" schemaName="maptaskr_layergroup" behavior="0" />
      <RootComponent type="1" schemaName="maptaskr_layers" behavior="0" />
      <RootComponent type="1" schemaName="maptaskr_license" behavior="0" />
      <RootComponent type="1" schemaName="maptaskr_licensefeature" behavior="0" />
      <RootComponent type="1" schemaName="maptaskr_list" behavior="0" />
      <RootComponent type="1" schemaName="maptaskr_mapview" behavior="0" />
      <RootComponent type="1" schemaName="maptaskr_powerbireport" behavior="0" />
      <RootComponent type="1" schemaName="maptaskr_questionnaire" behavior="0" />
      <RootComponent type="1" schemaName="maptaskr_questionnaire_answer" behavior="0" />
      <RootComponent type="1" schemaName="maptaskr_route" behavior="0" />
      <RootComponent type="1" schemaName="maptaskr_route_setting" behavior="0" />
      <RootComponent type="1" schemaName="maptaskr_userlicense" behavior="0" />
      <RootComponent type="1" schemaName="maptaskr_view" behavior="0" />
      <RootComponent type="1" schemaName="systemuser" behavior="2" />
      <RootComponent type="1" schemaName="team" behavior="2" />
      <RootComponent type="20" id="{34a83895-1fd6-ea11-a813-000d3a794f5d}" behavior="0" />
      <RootComponent type="20" id="{b72378ea-1fd6-ea11-a813-000d3a794f5d}" behavior="0" />
      <RootComponent type="29" id="{826176ca-16b7-4aa8-adf9-7ccfd5b43d5f}" behavior="0" />
      <RootComponent type="29" id="{92b94252-b074-4292-8758-3bc304b9150c}" behavior="0" />
      <RootComponent type="431" schemaName="maptaskr_datasource maptaskr_customicon" behavior="0" />
      <RootComponent type="50" schemaName=":RibbonDiffXml" behavior="0" />
      <RootComponent type="61" schemaName="maptaskr_/app/data_source.html" behavior="0" />
      <RootComponent type="61" schemaName="maptaskr_/app/geographyeditor.html" behavior="0" />
      <RootComponent type="61" schemaName="maptaskr_/app/iconUpload.html" behavior="0" />
      <RootComponent type="61" schemaName="maptaskr_/app/iconUploadMessage.html" behavior="0" />
      <RootComponent type="61" schemaName="maptaskr_/app/index.html" behavior="0" />
      <RootComponent type="61" schemaName="maptaskr_/app/shared/components/maptaskr_securitygroup/maptaskrsecuritygroup.component.html" behavior="0" />
      <RootComponent type="61" schemaName="maptaskr_/app/modules/layer/directives/sub-layer.html" behavior="0" />
      <RootComponent type="61" schemaName="maptaskr_/app/modules/layer/directives/layer.html" behavior="0" />
      <RootComponent type="61" schemaName="maptaskr_/app/assets/lib/js/powerBI/pbiViewer.js" behavior="0" />
      <RootComponent type="61" schemaName="maptaskr_/app/assets/lib/js/powerBI/pbiFilter.js" behavior="0" />
      <RootComponent type="61" schemaName="maptaskr_/app/assets/lib/js/powerBI/pbiAdminViewer.js" behavior="0" />
      <RootComponent type="61" schemaName="maptaskr_/app/assets/lib/js/powerBI/pbiAdminConfig.js" behavior="0" />
      <RootComponent type="61" schemaName="maptaskr_/app/assets/lib/js/powerBI/pbiAdmin.js" behavior="0" />
      <RootComponent type="61" schemaName="maptaskr_/app/assets/img/icons/Dropdown-Icon.svg" behavior="0" />
      <RootComponent type="61" schemaName="maptaskr_/app/pbiViewer.html" behavior="0" />
      <RootComponent type="61" schemaName="maptaskr_/app/assets/img/icons/Annotation-Draw/Exclamation-Warning.svg" behavior="0" />
      <RootComponent type="61" schemaName="maptaskr_/app/shared/components/delete_dialog/delete_dialog.component.html" behavior="0" />
      <RootComponent type="61" schemaName="maptaskr_/app/shared/components/rename_dialog/rename_dialog.component.html" behavior="0" />
      <RootComponent type="61" schemaName="maptaskr_/app/assets/img/icons/bookmark_active.png" behavior="0" />
      <RootComponent type="61" schemaName="maptaskr_/app/shared/components/upload_draw/upload_draw.component.html" behavior="0" />
      <RootComponent type="61" schemaName="maptaskr_/app/assets/img/icons/Upload/Upload.svg" behavior="0" />
      <RootComponent type="61" schemaName="maptaskr_/app/assets/img/icons/Upload/Upload-Disabled.svg" behavior="0" />
      <RootComponent type="61" schemaName="maptaskr_/app/assets/img/icons/Upload/Question-Circle.svg" behavior="0" />
      <RootComponent type="61" schemaName="maptaskr_/app/assets/img/icons/Upload/Question-Circle-Hover.svg" behavior="0" />
      <RootComponent type="61" schemaName="maptaskr_/app/assets/img/icons/Upload/Eye_dropper.svg" behavior="0" />
      <RootComponent type="61" schemaName="maptaskr_/app/assets/img/icons/Upload/Eye.svg" behavior="0" />
      <RootComponent type="61" schemaName="maptaskr_/app/assets/img/icons/Upload/Eye-Slash.svg" behavior="0" />
      <RootComponent type="61" schemaName="maptaskr_/app/assets/img/icons/Upload/Edit.svg" behavior="0" />
      <RootComponent type="61" schemaName="maptaskr_/app/assets/img/icons/Upload/Draw-Polygon.svg" behavior="0" />
      <RootComponent type="61" schemaName="maptaskr_/app/assets/img/icons/Upload/Check-Circle.svg" behavior="0" />
      <RootComponent type="61" schemaName="maptaskr_/app/assets/img/icons/Upload/Burger-Icon.svg" behavior="0" />
      <RootComponent type="61" schemaName="maptaskr_/app/assets/img/icons/Upload/Burger-Icon-White.svg" behavior="0" />
      <RootComponent type="61" schemaName="maptaskr_/app/assets/img/icons/Upload/Ban.svg" behavior="0" />
      <RootComponent type="61" schemaName="maptaskr_/app/assets/img/icons/Layer-List/Zoom-To-Layer.svg" behavior="0" />
      <RootComponent type="61" schemaName="maptaskr_/app/assets/img/icons/Layer-List/Filter-Attribute.svg" behavior="0" />
      <RootComponent type="61" schemaName="maptaskr_/app/assets/img/icons/Layer-List/Attribute-Table.svg" behavior="0" />
      <RootComponent type="61" schemaName="maptaskr_/app/assets/img/icons/Annotation-Draw/Exclamation-Hover.svg" behavior="0" />
      <RootComponent type="61" schemaName="maptaskr_/app/assets/img/icons/Annotation-Draw/Exclamation-Exclusion.svg" behavior="0" />
      <RootComponent type="61" schemaName="maptaskr_/app/assets/img/icons/Annotation-Draw/Exclamation-Error.svg" behavior="0" />
      <RootComponent type="61" schemaName="maptaskr_/app/assets/img/icons/Annotation-Draw/Check-Validate.svg" behavior="0" />
      <RootComponent type="61" schemaName="maptaskr_/app/assets/custom/custom.js" behavior="0" />
      <RootComponent type="61" schemaName="maptaskr_/app/assets/custom/custom.css" behavior="0" />
      <RootComponent type="61" schemaName="maptaskr_/app/assets/img/icons/LoadingCircleForAutocomplete.gif" behavior="0" />
      <RootComponent type="61" schemaName="maptaskr_/app/assets/img/icons/vectorTileIcon.svg" behavior="0" />
      <RootComponent type="61" schemaName="maptaskr_/app/assets/img/icons/Shape-Delete.svg" behavior="0" />
      <RootComponent type="61" schemaName="maptaskr_/app/assets/img/icons/Shape-Delete-Hover.svg" behavior="0" />
      <RootComponent type="61" schemaName="maptaskr_/app/assets/img/icons/Shape-Delete-Active.svg" behavior="0" />
      <RootComponent type="61" schemaName="maptaskr_/app/assets/img/icons/Plus.svg" behavior="0" />
      <RootComponent type="61" schemaName="maptaskr_/app/assets/img/icons/Plus-Hover.svg" behavior="0" />
      <RootComponent type="61" schemaName="maptaskr_/app/assets/img/icons/Filter-Attribute.svg" behavior="0" />
      <RootComponent type="61" schemaName="maptaskr_/app/assets/fonts/flaticon/svg/046_square_with_letter_i.svg" behavior="0" />
      <RootComponent type="61" schemaName="maptaskr_/app/mapconfiguration.html" behavior="0" />
      <RootComponent type="61" schemaName="maptaskr_/app/mapTaskrConfig.js" behavior="0" />
      <RootComponent type="61" schemaName="maptaskr_/app/oauth-callback.html" behavior="0" />
      <RootComponent type="61" schemaName="maptaskr_/app/objectLibrary.html" behavior="0" />
      <RootComponent type="61" schemaName="maptaskr_/app/routedetail.html" behavior="0" />
      <RootComponent type="61" schemaName="maptaskr_/app/shapeeditor.html" behavior="0" />
      <RootComponent type="61" schemaName="maptaskr_/app/territorymap.html" behavior="0" />
      <RootComponent type="61" schemaName="maptaskr_/app/assets/dist/common.bundle.js" behavior="0" />
      <RootComponent type="61" schemaName="maptaskr_/app/assets/dist/dataSource.bundle.js" behavior="0" />
      <RootComponent type="61" schemaName="maptaskr_/app/assets/dist/dataSource.css" behavior="0" />
      <RootComponent type="61" schemaName="maptaskr_/app/assets/dist/geography.bundle.js" behavior="0" />
      <RootComponent type="61" schemaName="maptaskr_/app/assets/dist/geography.css" behavior="0" />
      <RootComponent type="61" schemaName="maptaskr_/app/assets/dist/iconUpload.bundle.js" behavior="0" />
      <RootComponent type="61" schemaName="maptaskr_/app/assets/dist/iconUpload.css" behavior="0" />
      <RootComponent type="61" schemaName="maptaskr_/app/assets/dist/iconUploadMessage.bundle.js" behavior="0" />
      <RootComponent type="61" schemaName="maptaskr_/app/assets/dist/iconUploadMessage.css" behavior="0" />
      <RootComponent type="61" schemaName="maptaskr_/app/assets/dist/mapConfig.bundle.js" behavior="0" />
      <RootComponent type="61" schemaName="maptaskr_/app/assets/dist/mapConfig.css" behavior="0" />
      <RootComponent type="61" schemaName="maptaskr_/app/assets/dist/maptaskr.bundle.js" behavior="0" />
      <RootComponent type="61" schemaName="maptaskr_/app/assets/dist/maptaskr.css" behavior="0" />
      <RootComponent type="61" schemaName="maptaskr_/app/assets/dist/objectLibrary.bundle.js" behavior="0" />
      <RootComponent type="61" schemaName="maptaskr_/app/assets/dist/objectLibrary.css" behavior="0" />
      <RootComponent type="61" schemaName="maptaskr_/app/assets/dist/shapeEditor.bundle.js" behavior="0" />
      <RootComponent type="61" schemaName="maptaskr_/app/assets/dist/shapeEditor.css" behavior="0" />
      <RootComponent type="61" schemaName="maptaskr_/app/assets/dist/vendors.bundle.js" behavior="0" />
      <RootComponent type="61" schemaName="maptaskr_/app/assets/fonts/flaticon/Flaticon.eot" behavior="0" />
      <RootComponent type="61" schemaName="maptaskr_/app/assets/fonts/flaticon/Flaticon.svg" behavior="0" />
      <RootComponent type="61" schemaName="maptaskr_/app/assets/fonts/flaticon/Flaticon.ttf" behavior="0" />
      <RootComponent type="61" schemaName="maptaskr_/app/assets/fonts/flaticon/Flaticon.woff" behavior="0" />
      <RootComponent type="61" schemaName="maptaskr_/app/assets/fonts/flaticon/svg/054_database.svg" behavior="0" />
      <RootComponent type="61" schemaName="maptaskr_/app/assets/fonts/flaticon/svg/074_edit.svg" behavior="0" />
      <RootComponent type="61" schemaName="maptaskr_/app/assets/fonts/font_awesome/FontAwesome.otf" behavior="0" />
      <RootComponent type="61" schemaName="maptaskr_/app/assets/fonts/font_awesome/fontawesome_webfont.eot" behavior="0" />
      <RootComponent type="61" schemaName="maptaskr_/app/assets/fonts/font_awesome/fontawesome_webfont.svg" behavior="0" />
      <RootComponent type="61" schemaName="maptaskr_/app/assets/fonts/font_awesome/fontawesome_webfont.ttf" behavior="0" />
      <RootComponent type="61" schemaName="maptaskr_/app/assets/fonts/font_awesome/fontawesome_webfont.woff" behavior="0" />
      <RootComponent type="61" schemaName="maptaskr_/app/assets/fonts/font_awesome/fontawesome_webfont.woff2" behavior="0" />
      <RootComponent type="61" schemaName="maptaskr_/app/assets/fonts/glyphicons/glyphicons_halflings_regular.eot" behavior="0" />
      <RootComponent type="61" schemaName="maptaskr_/app/assets/fonts/glyphicons/glyphicons_halflings_regular.svg" behavior="0" />
      <RootComponent type="61" schemaName="maptaskr_/app/assets/fonts/glyphicons/glyphicons_halflings_regular.ttf" behavior="0" />
      <RootComponent type="61" schemaName="maptaskr_/app/assets/fonts/glyphicons/glyphicons_halflings_regular.woff" behavior="0" />
      <RootComponent type="61" schemaName="maptaskr_/app/assets/fonts/glyphicons/glyphicons_halflings_regular.woff2" behavior="0" />
      <RootComponent type="61" schemaName="maptaskr_/app/assets/fonts/segoe_ui/SegoeUI.eot" behavior="0" />
      <RootComponent type="61" schemaName="maptaskr_/app/assets/fonts/segoe_ui/SegoeUI.svg" behavior="0" />
      <RootComponent type="61" schemaName="maptaskr_/app/assets/fonts/segoe_ui/SegoeUI.ttf" behavior="0" />
      <RootComponent type="61" schemaName="maptaskr_/app/assets/fonts/segoe_ui/SegoeUI.woff" behavior="0" />
      <RootComponent type="61" schemaName="maptaskr_/app/assets/fonts/segoe_ui/SegoeUI_Bold.eot" behavior="0" />
      <RootComponent type="61" schemaName="maptaskr_/app/assets/fonts/segoe_ui/SegoeUI_Bold.svg" behavior="0" />
      <RootComponent type="61" schemaName="maptaskr_/app/assets/fonts/segoe_ui/SegoeUI_Bold.ttf" behavior="0" />
      <RootComponent type="61" schemaName="maptaskr_/app/assets/fonts/segoe_ui/SegoeUI_Bold.woff" behavior="0" />
      <RootComponent type="61" schemaName="maptaskr_/app/assets/fonts/segoe_ui/SegoeUI_Light.eot" behavior="0" />
      <RootComponent type="61" schemaName="maptaskr_/app/assets/fonts/segoe_ui/SegoeUI_Light.svg" behavior="0" />
      <RootComponent type="61" schemaName="maptaskr_/app/assets/fonts/segoe_ui/SegoeUI_Light.ttf" behavior="0" />
      <RootComponent type="61" schemaName="maptaskr_/app/assets/fonts/segoe_ui/SegoeUI_Light.woff" behavior="0" />
      <RootComponent type="61" schemaName="maptaskr_/app/assets/fonts/segoe_ui/SegoeUI_Semibold.eot" behavior="0" />
      <RootComponent type="61" schemaName="maptaskr_/app/assets/fonts/segoe_ui/SegoeUI_Semibold.svg" behavior="0" />
      <RootComponent type="61" schemaName="maptaskr_/app/assets/fonts/segoe_ui/SegoeUI_Semibold.ttf" behavior="0" />
      <RootComponent type="61" schemaName="maptaskr_/app/assets/fonts/segoe_ui/SegoeUI_Semibold.woff" behavior="0" />
      <RootComponent type="61" schemaName="maptaskr_/app/assets/fonts/segoe_ui/SegoeUI_Semilight.eot" behavior="0" />
      <RootComponent type="61" schemaName="maptaskr_/app/assets/fonts/segoe_ui/SegoeUI_Semilight.svg" behavior="0" />
      <RootComponent type="61" schemaName="maptaskr_/app/assets/fonts/segoe_ui/SegoeUI_Semilight.ttf" behavior="0" />
      <RootComponent type="61" schemaName="maptaskr_/app/assets/fonts/segoe_ui/SegoeUI_Semilight.woff" behavior="0" />
      <RootComponent type="61" schemaName="maptaskr_/app/assets/img/curly.png" behavior="0" />
      <RootComponent type="61" schemaName="maptaskr_/app/assets/img/maptaskr_icon.png" behavior="0" />
      <RootComponent type="61" schemaName="maptaskr_/app/assets/img/maptaskr_icon.svg" behavior="0" />
      <RootComponent type="61" schemaName="maptaskr_/app/assets/img/north-arrow.png" behavior="0" />
      <RootComponent type="61" schemaName="maptaskr_/app/assets/img/pdf_logo.png" behavior="0" />
      <RootComponent type="61" schemaName="maptaskr_/app/assets/img/icons/any_location.png" behavior="0" />
      <RootComponent type="61" schemaName="maptaskr_/app/assets/img/icons/area_blue.png" behavior="0" />
      <RootComponent type="61" schemaName="maptaskr_/app/assets/img/icons/area_blue.svg" behavior="0" />
      <RootComponent type="61" schemaName="maptaskr_/app/assets/img/icons/arrow_down.png" behavior="0" />
      <RootComponent type="61" schemaName="maptaskr_/app/assets/img/icons/back.png" behavior="0" />
      <RootComponent type="61" schemaName="maptaskr_/app/assets/img/icons/bookmark.png" behavior="0" />
      <RootComponent type="61" schemaName="maptaskr_/app/assets/img/icons/car.png" behavior="0" />
      <RootComponent type="61" schemaName="maptaskr_/app/assets/img/icons/car.svg" behavior="0" />
      <RootComponent type="61" schemaName="maptaskr_/app/assets/img/icons/checked_mark.png" behavior="0" />
      <RootComponent type="61" schemaName="maptaskr_/app/assets/img/icons/checked_mark.svg" behavior="0" />
      <RootComponent type="61" schemaName="maptaskr_/app/assets/img/icons/checkout.png" behavior="0" />
      <RootComponent type="61" schemaName="maptaskr_/app/assets/img/icons/cloud.png" behavior="0" />
      <RootComponent type="61" schemaName="maptaskr_/app/assets/img/icons/cloud.svg" behavior="0" />
      <RootComponent type="61" schemaName="maptaskr_/app/assets/img/icons/dragndrop.png" behavior="0" />
      <RootComponent type="61" schemaName="maptaskr_/app/assets/img/icons/drag_dots.png" behavior="0" />
      <RootComponent type="61" schemaName="maptaskr_/app/assets/img/icons/drag_dots.svg" behavior="0" />
      <RootComponent type="61" schemaName="maptaskr_/app/assets/img/icons/filter_clear.png" behavior="0" />
      <RootComponent type="61" schemaName="maptaskr_/app/assets/img/icons/long_arrow_down.png" behavior="0" />
      <RootComponent type="61" schemaName="maptaskr_/app/assets/img/icons/long_arrow_down.svg" behavior="0" />
      <RootComponent type="61" schemaName="maptaskr_/app/assets/img/icons/maptaskr_icon.svg" behavior="0" />
      <RootComponent type="61" schemaName="maptaskr_/app/assets/img/icons/map_markers_blue.png" behavior="0" />
      <RootComponent type="61" schemaName="maptaskr_/app/assets/img/icons/map_markers_green.png" behavior="0" />
      <RootComponent type="61" schemaName="maptaskr_/app/assets/img/icons/phone_blue.png" behavior="0" />
      <RootComponent type="61" schemaName="maptaskr_/app/assets/img/icons/plot_map.png" behavior="0" />
      <RootComponent type="61" schemaName="maptaskr_/app/assets/img/icons/plot_map_white.png" behavior="0" />
      <RootComponent type="61" schemaName="maptaskr_/app/assets/img/icons/plus_blue.png" behavior="0" />
      <RootComponent type="61" schemaName="maptaskr_/app/assets/img/icons/reset_blue.png" behavior="0" />
      <RootComponent type="61" schemaName="maptaskr_/app/assets/img/icons/saveas.png" behavior="0" />
      <RootComponent type="61" schemaName="maptaskr_/app/assets/img/icons/saveas.svg" behavior="0" />
      <RootComponent type="61" schemaName="maptaskr_/app/assets/img/icons/star_plus_blue.png" behavior="0" />
      <RootComponent type="61" schemaName="maptaskr_/app/assets/img/icons/sun.png" behavior="0" />
      <RootComponent type="61" schemaName="maptaskr_/app/assets/img/icons/sun.svg" behavior="0" />
      <RootComponent type="61" schemaName="maptaskr_/app/assets/img/icons/territory.png" behavior="0" />
      <RootComponent type="61" schemaName="maptaskr_/app/assets/img/icons/unchecked_mark.png" behavior="0" />
      <RootComponent type="61" schemaName="maptaskr_/app/assets/img/icons/unchecked_mark.svg" behavior="0" />
      <RootComponent type="61" schemaName="maptaskr_/app/assets/img/icons/calendar/arrow_left.png" behavior="0" />
      <RootComponent type="61" schemaName="maptaskr_/app/assets/img/icons/calendar/arrow_right.png" behavior="0" />
      <RootComponent type="61" schemaName="maptaskr_/app/assets/img/icons/entities/datasources_16.png" behavior="0" />
      <RootComponent type="61" schemaName="maptaskr_/app/assets/img/icons/entities/datasources_32.png" behavior="0" />
      <RootComponent type="61" schemaName="maptaskr_/app/assets/img/icons/entities/icons_16.png" behavior="0" />
      <RootComponent type="61" schemaName="maptaskr_/app/assets/img/icons/entities/icons_32.png" behavior="0" />
      <RootComponent type="61" schemaName="maptaskr_/app/assets/img/icons/map_controls/expand.png" behavior="0" />
      <RootComponent type="61" schemaName="maptaskr_/app/assets/img/icons/map_controls/locate.png" behavior="0" />
      <RootComponent type="61" schemaName="maptaskr_/app/assets/img/icons/map_controls/locate.svg" behavior="0" />
      <RootComponent type="61" schemaName="maptaskr_/app/assets/img/icons/map_controls/minus.png" behavior="0" />
      <RootComponent type="61" schemaName="maptaskr_/app/assets/img/icons/map_controls/minus.svg" behavior="0" />
      <RootComponent type="61" schemaName="maptaskr_/app/assets/img/icons/map_controls/plus.png" behavior="0" />
      <RootComponent type="61" schemaName="maptaskr_/app/assets/img/icons/map_controls/plus.svg" behavior="0" />
      <RootComponent type="61" schemaName="maptaskr_/app/assets/img/icons/map_controls/zoom.png" behavior="0" />
      <RootComponent type="61" schemaName="maptaskr_/app/assets/img/icons/map_controls/zoom_selected.png" behavior="0" />
      <RootComponent type="61" schemaName="maptaskr_/app/assets/img/icons/nav/calendar.svg" behavior="0" />
      <RootComponent type="61" schemaName="maptaskr_/app/assets/img/icons/nav/calendar_active.svg" behavior="0" />
      <RootComponent type="61" schemaName="maptaskr_/app/assets/img/icons/nav/globalsearch.svg" behavior="0" />
      <RootComponent type="61" schemaName="maptaskr_/app/assets/img/icons/nav/globalsearch_active.svg" behavior="0" />
      <RootComponent type="61" schemaName="maptaskr_/app/assets/img/icons/nav/layers.png" behavior="0" />
      <RootComponent type="61" schemaName="maptaskr_/app/assets/img/icons/nav/layers.svg" behavior="0" />
      <RootComponent type="61" schemaName="maptaskr_/app/assets/img/icons/nav/layers_active.png" behavior="0" />
      <RootComponent type="61" schemaName="maptaskr_/app/assets/img/icons/nav/layers_active.svg" behavior="0" />
      <RootComponent type="61" schemaName="maptaskr_/app/assets/img/icons/nav/list.png" behavior="0" />
      <RootComponent type="61" schemaName="maptaskr_/app/assets/img/icons/nav/list_active.png" behavior="0" />
      <RootComponent type="61" schemaName="maptaskr_/app/assets/img/icons/nav/pencil.png" behavior="0" />
      <RootComponent type="61" schemaName="maptaskr_/app/assets/img/icons/nav/pencil.svg" behavior="0" />
      <RootComponent type="61" schemaName="maptaskr_/app/assets/img/icons/nav/pencil_active.png" behavior="0" />
      <RootComponent type="61" schemaName="maptaskr_/app/assets/img/icons/nav/pencil_active.svg" behavior="0" />
      <RootComponent type="61" schemaName="maptaskr_/app/assets/img/icons/nav/route.png" behavior="0" />
      <RootComponent type="61" schemaName="maptaskr_/app/assets/img/icons/nav/route16x16.png" behavior="0" />
      <RootComponent type="61" schemaName="maptaskr_/app/assets/img/icons/nav/route32x32.png" behavior="0" />
      <RootComponent type="61" schemaName="maptaskr_/app/assets/img/icons/nav/route_active.png" behavior="0" />
      <RootComponent type="61" schemaName="maptaskr_/app/assets/img/icons/nav/search.png" behavior="0" />
      <RootComponent type="61" schemaName="maptaskr_/app/assets/img/icons/nav/search.svg" behavior="0" />
      <RootComponent type="61" schemaName="maptaskr_/app/assets/img/icons/nav/search_active.png" behavior="0" />
      <RootComponent type="61" schemaName="maptaskr_/app/assets/img/icons/nav/search_active.svg" behavior="0" />
      <RootComponent type="61" schemaName="maptaskr_/app/assets/img/icons/poi/237.svg" behavior="0" />
      <RootComponent type="61" schemaName="maptaskr_/app/assets/img/icons/poi/273.svg" behavior="0" />
      <RootComponent type="61" schemaName="maptaskr_/app/assets/img/icons/poi/275.svg" behavior="0" />
      <RootComponent type="61" schemaName="maptaskr_/app/assets/img/icons/poi/3578.svg" behavior="0" />
      <RootComponent type="61" schemaName="maptaskr_/app/assets/img/icons/poi/4013.svg" behavior="0" />
      <RootComponent type="61" schemaName="maptaskr_/app/assets/img/icons/poi/4170.svg" behavior="0" />
      <RootComponent type="61" schemaName="maptaskr_/app/assets/img/icons/poi/4581.svg" behavior="0" />
      <RootComponent type="61" schemaName="maptaskr_/app/assets/img/icons/poi/5400.svg" behavior="0" />
      <RootComponent type="61" schemaName="maptaskr_/app/assets/img/icons/poi/5511.svg" behavior="0" />
      <RootComponent type="61" schemaName="maptaskr_/app/assets/img/icons/poi/5540.svg" behavior="0" />
      <RootComponent type="61" schemaName="maptaskr_/app/assets/img/icons/poi/5800.svg" behavior="0" />
      <RootComponent type="61" schemaName="maptaskr_/app/assets/img/icons/poi/6000.svg" behavior="0" />
      <RootComponent type="61" schemaName="maptaskr_/app/assets/img/icons/poi/6512.svg" behavior="0" />
      <RootComponent type="61" schemaName="maptaskr_/app/assets/img/icons/poi/7011.svg" behavior="0" />
      <RootComponent type="61" schemaName="maptaskr_/app/assets/img/icons/poi/7013.svg" behavior="0" />
      <RootComponent type="61" schemaName="maptaskr_/app/assets/img/icons/poi/7510.svg" behavior="0" />
      <RootComponent type="61" schemaName="maptaskr_/app/assets/img/icons/poi/7521.svg" behavior="0" />
      <RootComponent type="61" schemaName="maptaskr_/app/assets/img/icons/poi/7522.svg" behavior="0" />
      <RootComponent type="61" schemaName="maptaskr_/app/assets/img/icons/poi/7538.svg" behavior="0" />
      <RootComponent type="61" schemaName="maptaskr_/app/assets/img/icons/poi/7999.svg" behavior="0" />
      <RootComponent type="61" schemaName="maptaskr_/app/assets/img/icons/poi/8060.svg" behavior="0" />
      <RootComponent type="61" schemaName="maptaskr_/app/assets/img/icons/poi/9221.svg" behavior="0" />
      <RootComponent type="61" schemaName="maptaskr_/app/assets/img/icons/poi/9530.svg" behavior="0" />
      <RootComponent type="61" schemaName="maptaskr_/app/assets/img/icons/poi/9535.svg" behavior="0" />
      <RootComponent type="61" schemaName="maptaskr_/app/assets/img/icons/poi/9545.svg" behavior="0" />
      <RootComponent type="61" schemaName="maptaskr_/app/assets/img/icons/poi/9565.svg" behavior="0" />
      <RootComponent type="61" schemaName="maptaskr_/app/assets/img/icons/poi/9583.svg" behavior="0" />
      <RootComponent type="61" schemaName="maptaskr_/app/assets/img/icons/poi/9992.svg" behavior="0" />
      <RootComponent type="61" schemaName="maptaskr_/app/assets/img/icons/poi/9996.svg" behavior="0" />
      <RootComponent type="61" schemaName="maptaskr_/app/assets/img/icons/poi/account.svg" behavior="0" />
      <RootComponent type="61" schemaName="maptaskr_/app/assets/img/icons/poi/contact.svg" behavior="0" />
      <RootComponent type="61" schemaName="maptaskr_/app/assets/img/icons/poi/leads.svg" behavior="0" />
      <RootComponent type="61" schemaName="maptaskr_/app/assets/img/icons/poi/route.png" behavior="0" />
      <RootComponent type="61" schemaName="maptaskr_/app/assets/img/icons/tools/annotationText.svg" behavior="0" />
      <RootComponent type="61" schemaName="maptaskr_/app/assets/img/icons/tools/circle.png" behavior="0" />
      <RootComponent type="61" schemaName="maptaskr_/app/assets/img/icons/tools/circle.svg" behavior="0" />
      <RootComponent type="61" schemaName="maptaskr_/app/assets/img/icons/tools/Layer-List-Box.svg" behavior="0" />
      <RootComponent type="61" schemaName="maptaskr_/app/assets/img/icons/tools/line.png" behavior="0" />
      <RootComponent type="61" schemaName="maptaskr_/app/assets/img/icons/tools/line.svg" behavior="0" />
      <RootComponent type="61" schemaName="maptaskr_/app/assets/img/icons/tools/line_green.png" behavior="0" />
      <RootComponent type="61" schemaName="maptaskr_/app/assets/img/icons/tools/line_green.svg" behavior="0" />
      <RootComponent type="61" schemaName="maptaskr_/app/assets/img/icons/tools/measurement-polygon.png" behavior="0" />
      <RootComponent type="61" schemaName="maptaskr_/app/assets/img/icons/tools/measurement-ruler.png" behavior="0" />
      <RootComponent type="61" schemaName="maptaskr_/app/assets/img/icons/tools/polygon.png" behavior="0" />
      <RootComponent type="61" schemaName="maptaskr_/app/assets/img/icons/tools/polygon.svg" behavior="0" />
      <RootComponent type="61" schemaName="maptaskr_/app/assets/img/icons/tools/polygon_green.png" behavior="0" />
      <RootComponent type="61" schemaName="maptaskr_/app/assets/img/icons/tools/polygon_green.svg" behavior="0" />
      <RootComponent type="61" schemaName="maptaskr_/app/assets/img/icons/tools/radius_blue.png" behavior="0" />
      <RootComponent type="61" schemaName="maptaskr_/app/assets/img/icons/tools/radius_blue.svg" behavior="0" />
      <RootComponent type="61" schemaName="maptaskr_/app/assets/img/icons/tools/radius_green.png" behavior="0" />
      <RootComponent type="61" schemaName="maptaskr_/app/assets/img/icons/tools/radius_green.svg" behavior="0" />
      <RootComponent type="61" schemaName="maptaskr_/app/assets/img/icons/tools/ruler.png" behavior="0" />
      <RootComponent type="61" schemaName="maptaskr_/app/assets/img/icons/tools/ruler.svg" behavior="0" />
      <RootComponent type="61" schemaName="maptaskr_/app/assets/img/icons/tools/text.png" behavior="0" />
      <RootComponent type="61" schemaName="maptaskr_/app/assets/img/icons/tools/text.svg" behavior="0" />
      <RootComponent type="61" schemaName="maptaskr_/app/assets/img/media/map_image.jpg" behavior="0" />
      <RootComponent type="61" schemaName="maptaskr_/app/assets/img/media/map_view_1.jpg" behavior="0" />
      <RootComponent type="61" schemaName="maptaskr_/app/assets/img/old/bar24.png" behavior="0" />
      <RootComponent type="61" schemaName="maptaskr_/app/assets/img/old/cafe24.png" behavior="0" />
      <RootComponent type="61" schemaName="maptaskr_/app/assets/img/old/circle.png" behavior="0" />
      <RootComponent type="61" schemaName="maptaskr_/app/assets/img/old/circleinside.png" behavior="0" />
      <RootComponent type="61" schemaName="maptaskr_/app/assets/img/old/cross.png" behavior="0" />
      <RootComponent type="61" schemaName="maptaskr_/app/assets/img/old/dotinsideacircle.png" behavior="0" />
      <RootComponent type="61" schemaName="maptaskr_/app/assets/img/old/eye.png" behavior="0" />
      <RootComponent type="61" schemaName="maptaskr_/app/assets/img/old/fadd.png" behavior="0" />
      <RootComponent type="61" schemaName="maptaskr_/app/assets/img/old/fmenu.png" behavior="0" />
      <RootComponent type="61" schemaName="maptaskr_/app/assets/img/old/fsort.png" behavior="0" />
      <RootComponent type="61" schemaName="maptaskr_/app/assets/img/old/hotel24.png" behavior="0" />
      <RootComponent type="61" schemaName="maptaskr_/app/assets/img/old/railwaystation24.png" behavior="0" />
      <RootComponent type="61" schemaName="maptaskr_/app/assets/img/old/restaurant24.png" behavior="0" />
      <RootComponent type="61" schemaName="maptaskr_/app/assets/img/old/shop24.png" behavior="0" />
      <RootComponent type="61" schemaName="maptaskr_/app/assets/img/old/tick.png" behavior="0" />
      <RootComponent type="61" schemaName="maptaskr_/app/assets/img/old/objlibs/antenna.png" behavior="0" />
      <RootComponent type="61" schemaName="maptaskr_/app/assets/img/old/objlibs/barn.png" behavior="0" />
      <RootComponent type="61" schemaName="maptaskr_/app/assets/img/old/objlibs/bug.png" behavior="0" />
      <RootComponent type="61" schemaName="maptaskr_/app/assets/img/old/objlibs/bulldozer.png" behavior="0" />
      <RootComponent type="61" schemaName="maptaskr_/app/assets/img/old/objlibs/car.png" behavior="0" />
      <RootComponent type="61" schemaName="maptaskr_/app/assets/img/old/objlibs/combine.png" behavior="0" />
      <RootComponent type="61" schemaName="maptaskr_/app/assets/img/old/objlibs/corn.png" behavior="0" />
      <RootComponent type="61" schemaName="maptaskr_/app/assets/img/old/objlibs/cow.png" behavior="0" />
      <RootComponent type="61" schemaName="maptaskr_/app/assets/img/old/objlibs/crop.png" behavior="0" />
      <RootComponent type="61" schemaName="maptaskr_/app/assets/img/old/objlibs/dump_truck.png" behavior="0" />
      <RootComponent type="61" schemaName="maptaskr_/app/assets/img/old/objlibs/forest.png" behavior="0" />
      <RootComponent type="61" schemaName="maptaskr_/app/assets/img/old/objlibs/garage.png" behavior="0" />
      <RootComponent type="61" schemaName="maptaskr_/app/assets/img/old/objlibs/house.png" behavior="0" />
      <RootComponent type="61" schemaName="maptaskr_/app/assets/img/old/objlibs/livestock_truck.png" behavior="0" />
      <RootComponent type="61" schemaName="maptaskr_/app/assets/img/old/objlibs/router.png" behavior="0" />
      <RootComponent type="61" schemaName="maptaskr_/app/assets/img/old/objlibs/silo.png" behavior="0" />
      <RootComponent type="61" schemaName="maptaskr_/app/assets/img/old/objlibs/solar.png" behavior="0" />
      <RootComponent type="61" schemaName="maptaskr_/app/assets/img/old/objlibs/swimming_pool.png" behavior="0" />
      <RootComponent type="61" schemaName="maptaskr_/app/assets/img/old/objlibs/tractor.png" behavior="0" />
      <RootComponent type="61" schemaName="maptaskr_/app/assets/img/old/objlibs/tree.png" behavior="0" />
      <RootComponent type="61" schemaName="maptaskr_/app/assets/img/old/objlibs/truck.png" behavior="0" />
      <RootComponent type="61" schemaName="maptaskr_/app/assets/img/old/objlibs/warehouse.png" behavior="0" />
      <RootComponent type="61" schemaName="maptaskr_/app/assets/img/old/objlibs/water_tank.png" behavior="0" />
      <RootComponent type="61" schemaName="maptaskr_/app/assets/img/old/properties/addressbookicon.png" behavior="0" />
      <RootComponent type="61" schemaName="maptaskr_/app/assets/img/old/properties/applebooks.png" behavior="0" />
      <RootComponent type="61" schemaName="maptaskr_/app/assets/img/old/properties/phonecallicon.png" behavior="0" />
      <RootComponent type="61" schemaName="maptaskr_/app/assets/img/old/pushpins/000000.png" behavior="0" />
      <RootComponent type="61" schemaName="maptaskr_/app/assets/img/old/pushpins/000080.png" behavior="0" />
      <RootComponent type="61" schemaName="maptaskr_/app/assets/img/old/pushpins/00008B.png" behavior="0" />
      <RootComponent type="61" schemaName="maptaskr_/app/assets/img/old/pushpins/0000FF.png" behavior="0" />
      <RootComponent type="61" schemaName="maptaskr_/app/assets/img/old/pushpins/008B8B.png" behavior="0" />
      <RootComponent type="61" schemaName="maptaskr_/app/assets/img/old/pushpins/20B2AA.png" behavior="0" />
      <RootComponent type="61" schemaName="maptaskr_/app/assets/img/old/pushpins/228B22.png" behavior="0" />
      <RootComponent type="61" schemaName="maptaskr_/app/assets/img/old/pushpins/483D8B.png" behavior="0" />
      <RootComponent type="61" schemaName="maptaskr_/app/assets/img/old/pushpins/4B0082.png" behavior="0" />
      <RootComponent type="61" schemaName="maptaskr_/app/assets/img/old/pushpins/556B2F.png" behavior="0" />
      <RootComponent type="61" schemaName="maptaskr_/app/assets/img/old/pushpins/5F9EA0.png" behavior="0" />
      <RootComponent type="61" schemaName="maptaskr_/app/assets/img/old/pushpins/6495ED.png" behavior="0" />
      <RootComponent type="61" schemaName="maptaskr_/app/assets/img/old/pushpins/800000.png" behavior="0" />
      <RootComponent type="61" schemaName="maptaskr_/app/assets/img/old/pushpins/800080.png" behavior="0" />
      <RootComponent type="61" schemaName="maptaskr_/app/assets/img/old/pushpins/808000.png" behavior="0" />
      <RootComponent type="61" schemaName="maptaskr_/app/assets/img/old/pushpins/808080.png" behavior="0" />
      <RootComponent type="61" schemaName="maptaskr_/app/assets/img/old/pushpins/8A2BE2.png" behavior="0" />
      <RootComponent type="61" schemaName="maptaskr_/app/assets/img/old/pushpins/8B0000.png" behavior="0" />
      <RootComponent type="61" schemaName="maptaskr_/app/assets/img/old/pushpins/8B008B.png" behavior="0" />
      <RootComponent type="61" schemaName="maptaskr_/app/assets/img/old/pushpins/8FBC8F.png" behavior="0" />
      <RootComponent type="61" schemaName="maptaskr_/app/assets/img/old/pushpins/9932CC.png" behavior="0" />
      <RootComponent type="61" schemaName="maptaskr_/app/assets/img/old/pushpins/9ACD32.png" behavior="0" />
      <RootComponent type="61" schemaName="maptaskr_/app/assets/img/old/pushpins/A52A2A.png" behavior="0" />
      <RootComponent type="61" schemaName="maptaskr_/app/assets/img/old/pushpins/A9A9A9.png" behavior="0" />
      <RootComponent type="61" schemaName="maptaskr_/app/assets/img/old/pushpins/B22222.png" behavior="0" />
      <RootComponent type="61" schemaName="maptaskr_/app/assets/img/old/pushpins/B8860B.png" behavior="0" />
      <RootComponent type="61" schemaName="maptaskr_/app/assets/img/old/pushpins/BDB76B.png" behavior="0" />
      <RootComponent type="61" schemaName="maptaskr_/app/assets/img/old/pushpins/CD853F.png" behavior="0" />
      <RootComponent type="61" schemaName="maptaskr_/app/assets/img/old/pushpins/D2691E.png" behavior="0" />
      <RootComponent type="61" schemaName="maptaskr_/app/assets/img/old/pushpins/D2B48C.png" behavior="0" />
      <RootComponent type="61" schemaName="maptaskr_/app/assets/img/old/pushpins/DA70D6.png" behavior="0" />
      <RootComponent type="61" schemaName="maptaskr_/app/assets/img/old/pushpins/DC143C.png" behavior="0" />
      <RootComponent type="61" schemaName="maptaskr_/app/assets/img/old/pushpins/DEB887.png" behavior="0" />
      <RootComponent type="61" schemaName="maptaskr_/app/assets/img/old/pushpins/E9967A.png" behavior="0" />
      <RootComponent type="61" schemaName="maptaskr_/app/assets/img/old/pushpins/EE82EE.png" behavior="0" />
      <RootComponent type="61" schemaName="maptaskr_/app/assets/img/old/pushpins/FF0000.png" behavior="0" />
      <RootComponent type="61" schemaName="maptaskr_/app/assets/img/old/pushpins/FF7F50.png" behavior="0" />
      <RootComponent type="61" schemaName="maptaskr_/app/assets/img/old/pushpins/FF8C00.png" behavior="0" />
      <RootComponent type="61" schemaName="maptaskr_/app/assets/img/old/pushpins/FFA500.png" behavior="0" />
      <RootComponent type="61" schemaName="maptaskr_/app/assets/img/old/pushpins/FFD700.png" behavior="0" />
      <RootComponent type="61" schemaName="maptaskr_/app/assets/lib/js/form_datasource_autocomplete.js" behavior="0" />
      <RootComponent type="61" schemaName="maptaskr_/app/core/maptaskr.component.html" behavior="0" />
      <RootComponent type="61" schemaName="maptaskr_/app/modules/data_source/components/data_source.component.html" behavior="0" />
      <RootComponent type="61" schemaName="maptaskr_/app/modules/data_source/components/data_tab_field.component.html" behavior="0" />
      <RootComponent type="61" schemaName="maptaskr_/app/modules/data_source/components/entity_property.component.html" behavior="0" />
      <RootComponent type="61" schemaName="maptaskr_/app/modules/data_source/components/infobox_action.component.html" behavior="0" />
      <RootComponent type="61" schemaName="maptaskr_/app/modules/data_source/components/infobox_tab_property.component.html" behavior="0" />
      <RootComponent type="61" schemaName="maptaskr_/app/modules/data_source/components/questionnaire.component.html" behavior="0" />
      <RootComponent type="61" schemaName="maptaskr_/app/modules/data_source/components/entity_relationships_tab/entity_relationships_tab.component.html" behavior="0" />
      <RootComponent type="61" schemaName="maptaskr_/app/modules/data_source/components/gis_tab/gis_tab.component.html" behavior="0" />
      <RootComponent type="61" schemaName="maptaskr_/app/modules/data_source/components/shape_editor_settings_tab/shape_editor_settings_tab.component.html" behavior="0" />
      <RootComponent type="61" schemaName="maptaskr_/app/modules/geography_editor/components/geography_container/geography_container.component.html" behavior="0" />
      <RootComponent type="61" schemaName="maptaskr_/app/modules/geography_editor/components/map_controls/geography_controls.component.html" behavior="0" />
      <RootComponent type="61" schemaName="maptaskr_/app/modules/geography_editor/components/menu/menu.component.html" behavior="0" />
      <RootComponent type="61" schemaName="maptaskr_/app/modules/geoscape/geoscape.component.html" behavior="0" />
      <RootComponent type="61" schemaName="maptaskr_/app/modules/icon_upload/components/iconupload.component.html" behavior="0" />
      <RootComponent type="61" schemaName="maptaskr_/app/modules/layer/layers.component.html" behavior="0" />
      <RootComponent type="61" schemaName="maptaskr_/app/modules/map_config/components/config_container/configcontainer.component.html" behavior="0" />
      <RootComponent type="61" schemaName="maptaskr_/app/modules/map_config/components/gis_settings/gis_settings.component.html" behavior="0" />
      <RootComponent type="61" schemaName="maptaskr_/app/modules/map_config/components/license_user/licenseuser.component.html" behavior="0" />
      <RootComponent type="61" schemaName="maptaskr_/app/modules/map_config/components/manage_providers/manage_providers.component.html" behavior="0" />
      <RootComponent type="61" schemaName="maptaskr_/app/modules/map_config/components/map_settings/map_settings.component.html" behavior="0" />
      <RootComponent type="61" schemaName="maptaskr_/app/modules/meta_filter_builder/meta_filter_builder.component.html" behavior="0" />
      <RootComponent type="61" schemaName="maptaskr_/app/modules/nearmap/nearmap.component.html" behavior="0" />
      <RootComponent type="61" schemaName="maptaskr_/app/modules/object_library/components/object_library_group/objectlibrarygroup.component.html" behavior="0" />
      <RootComponent type="61" schemaName="maptaskr_/app/modules/query_builder/query_builder.component.html" behavior="0" />
      <RootComponent type="61" schemaName="maptaskr_/app/modules/route_detail/routedetail.component.html" behavior="0" />
      <RootComponent type="61" schemaName="maptaskr_/app/modules/shape_editor/components/map_controls/shape_controls.component.html" behavior="0" />
      <RootComponent type="61" schemaName="maptaskr_/app/modules/shape_editor/components/shapemenu/shapemenu.component.html" behavior="0" />
      <RootComponent type="61" schemaName="maptaskr_/app/modules/shape_editor/components/shape_editor/shape_editor.component.html" behavior="0" />
      <RootComponent type="61" schemaName="maptaskr_/app/modules/shape_editor/components/shape_editor_container/shape_editor_container.component.html" behavior="0" />
      <RootComponent type="61" schemaName="maptaskr_/app/modules/shape_editor/components/shape_mapview/shape_editor_mapview.component.html" behavior="0" />
      <RootComponent type="61" schemaName="maptaskr_/app/modules/spookfish/spookfish.component.html" behavior="0" />
      <RootComponent type="61" schemaName="maptaskr_/app/modules/territory_map/territorymap.component.html" behavior="0" />
      <RootComponent type="61" schemaName="maptaskr_/app/shared/components/activity/activity.component.html" behavior="0" />
      <RootComponent type="61" schemaName="maptaskr_/app/shared/components/custom_list/custom_list.component.html" behavior="0" />
      <RootComponent type="61" schemaName="maptaskr_/app/shared/components/datetime_picker/date_time_picker.component.html" behavior="0" />
      <RootComponent type="61" schemaName="maptaskr_/app/shared/components/entity_details_popup/entity_details_popup.component.html" behavior="0" />
      <RootComponent type="61" schemaName="maptaskr_/app/shared/components/freehand_drawing/freehand_drawing.component.html" behavior="0" />
      <RootComponent type="61" schemaName="maptaskr_/app/shared/components/init_map/init_map.component.html" behavior="0" />
      <RootComponent type="61" schemaName="maptaskr_/app/shared/components/layer_meta_data/layermetadata.component.html" behavior="0" />
      <RootComponent type="61" schemaName="maptaskr_/app/shared/components/maptaskr_group/maptaskrgroup.component.html" behavior="0" />
      <RootComponent type="61" schemaName="maptaskr_/app/shared/components/maptaskr_map/maptaskrmap.component.html" behavior="0" />
      <RootComponent type="61" schemaName="maptaskr_/app/shared/components/map_context_menu/map_context_menu.component.html" behavior="0" />
      <RootComponent type="61" schemaName="maptaskr_/app/shared/components/map_control/mapcontrol.component.html" behavior="0" />
      <RootComponent type="61" schemaName="maptaskr_/app/shared/components/map_control/arcgis_upload/arcgisupload.component.html" behavior="0" />
      <RootComponent type="61" schemaName="maptaskr_/app/shared/components/map_control/download_map/downloadmap.component.html" behavior="0" />
      <RootComponent type="61" schemaName="maptaskr_/app/shared/components/map_control/extent_navigation/extentnavigation.component.html" behavior="0" />
      <RootComponent type="61" schemaName="maptaskr_/app/shared/components/map_control/full_screen/fullscreen.component.html" behavior="0" />
      <RootComponent type="61" schemaName="maptaskr_/app/shared/components/map_control/map_legend/map_legend.component.html" behavior="0" />
      <RootComponent type="61" schemaName="maptaskr_/app/shared/components/map_control/refresh_map/refreshmap.component.html" behavior="0" />
      <RootComponent type="61" schemaName="maptaskr_/app/shared/components/map_control/re_back_button/re_back_button.component.html" behavior="0" />
      <RootComponent type="61" schemaName="maptaskr_/app/shared/components/map_control/save_query_buttons/savequerybuttons.component.html" behavior="0" />
      <RootComponent type="61" schemaName="maptaskr_/app/shared/components/map_control/track_mylocation/trackmylocation.component.html" behavior="0" />
      <RootComponent type="61" schemaName="maptaskr_/app/shared/components/map_control/view_toggler/viewtoggler.component.html" behavior="0" />
      <RootComponent type="61" schemaName="maptaskr_/app/shared/components/map_control/zoom_inout/zoominout.component.html" behavior="0" />
      <RootComponent type="61" schemaName="maptaskr_/app/shared/components/map_data/mapdata.component.html" behavior="0" />
      <RootComponent type="61" schemaName="maptaskr_/app/shared/components/marketing_list/marketinglist.component.html" behavior="0" />
      <RootComponent type="61" schemaName="maptaskr_/app/shared/components/meta_data_grid/metadatagrid.component.html" behavior="0" />
      <RootComponent type="61" schemaName="maptaskr_/app/shared/components/navigations/navigations.component.html" behavior="0" />
      <RootComponent type="61" schemaName="maptaskr_/app/shared/components/quick_search_form/quick_search_form.component.html" behavior="0" />
      <RootComponent type="61" schemaName="maptaskr_/app/shared/components/save_search_form/savesearchform.component.html" behavior="0" />
      <RootComponent type="61" schemaName="maptaskr_/app/shared/components/security_group/securitygroup.component.html" behavior="0" />
      <RootComponent type="61" schemaName="maptaskr_/app/shared/components/sidebar/sidebar.component.html" behavior="0" />
      <RootComponent type="61" schemaName="maptaskr_/app/shared/components/sidebar/annotations/annotations.component.html" behavior="0" />
      <RootComponent type="61" schemaName="maptaskr_/app/shared/components/sidebar/bookmarks/bookmarks.component.html" behavior="0" />
      <RootComponent type="61" schemaName="maptaskr_/app/shared/components/sidebar/create_territory_form/create_territory_form.component.html" behavior="0" />
      <RootComponent type="61" schemaName="maptaskr_/app/shared/components/sidebar/route_planner/routeplanner.component.html" behavior="0" />
      <RootComponent type="61" schemaName="maptaskr_/app/shared/components/sidebar/route_planner/save_route/save_route.component.html" behavior="0" />
      <RootComponent type="61" schemaName="maptaskr_/app/shared/components/sidebar/route_planner/search_route/search_route.component.html" behavior="0" />
      <RootComponent type="61" schemaName="maptaskr_/app/shared/components/sidebar/save_search/savesearch.component.html" behavior="0" />
      <RootComponent type="61" schemaName="maptaskr_/app/shared/components/sidebar/schedule/schedule.component.html" behavior="0" />
      <RootComponent type="61" schemaName="maptaskr_/app/shared/components/sidebar/search_query/searchquery.component.html" behavior="0" />
      <RootComponent type="61" schemaName="maptaskr_/app/shared/components/sidebar/sidebar_layer/sidebarlayer.component.html" behavior="0" />
      <RootComponent type="61" schemaName="maptaskr_/app/shared/components/sidebar/sidebar_legend/sidebarlegend.component.html" behavior="0" />
      <RootComponent type="61" schemaName="maptaskr_/app/shared/components/sidebar/sidebar_quick_search/sidebar_quick_search.component.html" behavior="0" />
      <RootComponent type="61" schemaName="maptaskr_/app/shared/components/time_picker/time_picker.component.html" behavior="0" />
      <RootComponent type="61" schemaName="maptaskr_/app/shared/components/ui/modal_alert/modalalert.component.html" behavior="0" />
      <RootComponent type="61" schemaName="maptaskr_/app/shared/components/user_picker/user_picker.component.html" behavior="0" />
      <RootComponent type="61" schemaName="maptaskr_/app/shared/components/workflow/workflow.component.html" behavior="0" />
      <RootComponent type="61" schemaName="maptaskr_/app/shared/directives/annotationTextDialog.directive.html" behavior="0" />
      <RootComponent type="61" schemaName="maptaskr_/app/shared/directives/confirmdialog.directive.html" behavior="0" />
      <RootComponent type="61" schemaName="maptaskr_/app/shared/directives/deleteconfirm.directive.html" behavior="0" />
      <RootComponent type="61" schemaName="maptaskr_/app/shared/directives/legend_paging_control.directive.html" behavior="0" />
      <RootComponent type="61" schemaName="maptaskr_/app/shared/directives/map-legend-right-slider.html" behavior="0" />
      <RootComponent type="61" schemaName="maptaskr_/app/shared/directives/map-legend-top-panel.html" behavior="0" />
      <RootComponent type="61" schemaName="maptaskr_/app/shared/directives/paging_control.directive.html" behavior="0" />
      <RootComponent type="61" schemaName="maptaskr_/app/shared/directives/peoplepicker.directive.html" behavior="0" />
      <RootComponent type="62" schemaName="crfed_MaptaskrCDS" behavior="0" />
      <RootComponent type="66" schemaName="maptaskr_MaptaskrDS.DataSourceAutoComplete" behavior="0" />
      <RootComponent type="80" schemaName="crfed_MaptaskrCDS" behavior="0" />
      <RootComponent type="9" schemaName="maptaskr_acctype" behavior="0" />
      <RootComponent type="91" id="{beec0ea9-8668-4fbb-9e97-672be2a774d8}" schemaName="Maptaskr.Plugins, Version=1.0.0.0, Culture=neutral, PublicKeyToken=e979f0a63612d05f" behavior="0" />
    </RootComponents>
    <MissingDependencies>
      <MissingDependency>
        <Required type="60" displayName="Contact" parentDisplayName="Contact" solution="msdynce_AppCommon (9.0.4.0066)" id="{1fed44d1-ae68-4a41-bd2b-f13acac4acfa}" />
        <Dependent type="60" displayName="Contact" parentDisplayName="Contact" id="{1fed44d1-ae68-4a41-bd2b-f13acac4acfa}" />
      </MissingDependency>
      <MissingDependency>
        <Required type="60" displayName="Account" parentDisplayName="Account" solution="msdynce_AppCommon (9.0.4.0066)" id="{8448b78f-8f42-454e-8e2a-f8196b0419af}" />
        <Dependent type="60" displayName="Account" parentDisplayName="Account" id="{8448b78f-8f42-454e-8e2a-f8196b0419af}" />
      </MissingDependency>
    </MissingDependencies>
  </SolutionManifest>
</ImportExportXml>