<?xml version="1.0" encoding="UTF-8" standalone="yes"?>
<manifest>
  <control namespace="Maptaskr" constructor="MaptaskrCanvasSearchbox" version="2.3.22" display-name-key="Maptaskr.Canvas.Searchbox" description-key="Maptaskr Canvas Searchbox" control-type="standard" api-version="1.3.5">
    <external-service-usage enabled="false"/>
    <data-set name="emptyDataSet" display-name-key="empty_DataSet_Display_Key"/>
    <data-set name="layerDataSet" display-name-key="Layer_Dataset_Display_Key">
      <property-set name="maptaskr_layersid" display-name-key="maptaskr_layersid" description-key="maptaskr_layersid" of-type="SingleLine.Text" usage="bound" required="true"/>
      <property-set name="maptaskr_layername" display-name-key="maptaskr_layername" description-key="maptaskr_layername" of-type="SingleLine.Text" usage="bound" required="true"/>
      <property-set name="maptaskr_layerurl" display-name-key="maptaskr_layerurl" description-key="maptaskr_layerurl" of-type="SingleLine.Text" usage="bound" required="true"/>
      <property-set name="maptaskr_layertype" display-name-key="maptaskr_layertype" description-key="maptaskr_layertype" of-type="SingleLine.Text" usage="bound" required="true"/>
      <property-set name="maptaskr_arcgisauthapplication" display-name-key="maptaskr_arcgisauthapplication" description-key="maptaskr_arcgisauthapplication" of-type="SingleLine.Text" usage="bound" required="true"/>
      <property-set name="maptaskr_issearchendpoint" display-name-key="maptaskr_issearchendpoint" description-key="maptaskr_issearchendpoint" of-type="SingleLine.Text" usage="bound" required="true"/>
    </data-set>
    <data-set name="configDataSet" display-name-key="Config_Dataset_Display_Key">
      <property-set name="maptaskr_name" display-name-key="maptaskr_name" description-key="maptaskr_name" of-type="SingleLine.Text" usage="bound" required="true"/>
      <property-set name="maptaskr_value" display-name-key="maptaskr_value" description-key="maptaskr_value" of-type="SingleLine.Text" usage="bound" required="true"/>
    </data-set>
    <property name="CustomAddress" display-name-key="Address Suggestions" description-key="" of-type="SingleLine.Text" usage="bound" required="true"/>
    <property name="Unit" display-name-key="Unit" description-key="" of-type="SingleLine.Text" usage="bound" required="false"/>
    <property name="Street" display-name-key="Street" description-key="" of-type="SingleLine.Text" usage="bound" required="false"/>
    <property name="City" display-name-key="City" description-key="" of-type="SingleLine.Text" usage="bound" required="false"/>
    <property name="State" display-name-key="State" description-key="" of-type="SingleLine.Text" usage="bound" required="false"/>
    <property name="Postal" display-name-key="Postal" description-key="" of-type="SingleLine.Text" usage="bound" required="false"/>
    <property name="Country" display-name-key="Country" description-key="" of-type="SingleLine.Text" usage="bound" required="false"/>
    <property name="Latitude" display-name-key="Latitude" description-key="" of-type="FP" usage="bound" required="false"/>
    <property name="Longitude" display-name-key="Longitude" description-key="" of-type="FP" usage="bound" required="false"/>
    <property name="LatitudeString" display-name-key="Latitude (String)" description-key="" of-type="SingleLine.Text" usage="bound" required="false"/>
    <property name="LongitudeString" display-name-key="Longitude (String)" description-key="" of-type="SingleLine.Text" usage="bound" required="false"/>
    <property name="MaxResults" display-name-key="MaxResults" description-key="Number of results to return" of-type="SingleLine.Text" usage="input" required="true" default-value="6"/>
    <property name="Reset" display-name-key="reset" description-key="reset" of-type="Decimal" usage="bound" required="false" default-value="0"/>
    <resources>
      <code path="bundle.js" order="1"/>
      <css path="assets/css/AddressAutoComplete.css" order="2"/>
    </resources>
    <feature-usage>
      <uses-feature name="Device.getCurrentPosition" required="true"/>
    </feature-usage>
    <built-by name="pac" version="1.21.8"/>
  </control>
</manifest>